Year,113 Cause Name,Cause Name,State,Deaths,Age-adjusted Death Rate
2017,"Accidents (unintentional injuries) (V01-X59,Y85-Y86)",Unintentional injuries,United States,169936,49.4
2017,"Accidents (unintentional injuries) (V01-X59,Y85-Y86)",Unintentional injuries,Alabama,2703,53.8
2017,"Accidents (unintentional injuries) (V01-X59,Y85-Y86)",Unintentional injuries,Alaska,436,63.7
2017,"Accidents (unintentional injuries) (V01-X59,Y85-Y86)",Unintentional injuries,Arizona,4184,56.2
2017,"Accidents (unintentional injuries) (V01-X59,Y85-Y86)",Unintentional injuries,Arkansas,1625,51.8
2017,"Accidents (unintentional injuries) (V01-X59,Y85-Y86)",Unintentional injuries,California,13840,33.2
2017,"Accidents (unintentional injuries) (V01-X59,Y85-Y86)",Unintentional injuries,Colorado,3037,53.6
2017,"Accidents (unintentional injuries) (V01-X59,Y85-Y86)",Unintentional injuries,Connecticut,2078,53.2
2017,"Accidents (unintentional injuries) (V01-X59,Y85-Y86)",Unintentional injuries,Delaware,608,61.9
2017,"Accidents (unintentional injuries) (V01-X59,Y85-Y86)",Unintentional injuries,District of Columbia,427,61.0
2017,"Accidents (unintentional injuries) (V01-X59,Y85-Y86)",Unintentional injuries,Florida,13059,56.1
2017,"Accidents (unintentional injuries) (V01-X59,Y85-Y86)",Unintentional injuries,Georgia,4712,45.2
2017,"Accidents (unintentional injuries) (V01-X59,Y85-Y86)",Unintentional injuries,Hawaii,585,35.7
2017,"Accidents (unintentional injuries) (V01-X59,Y85-Y86)",Unintentional injuries,Idaho,876,49.8
2017,"Accidents (unintentional injuries) (V01-X59,Y85-Y86)",Unintentional injuries,Illinois,6019,44.4
2017,"Accidents (unintentional injuries) (V01-X59,Y85-Y86)",Unintentional injuries,Indiana,3978,58.7
2017,"Accidents (unintentional injuries) (V01-X59,Y85-Y86)",Unintentional injuries,Iowa,1536,42.8
2017,"Accidents (unintentional injuries) (V01-X59,Y85-Y86)",Unintentional injuries,Kansas,1567,49.4
2017,"Accidents (unintentional injuries) (V01-X59,Y85-Y86)",Unintentional injuries,Kentucky,3264,72.9
2017,"Accidents (unintentional injuries) (V01-X59,Y85-Y86)",Unintentional injuries,Louisiana,2780,58.9
2017,"Accidents (unintentional injuries) (V01-X59,Y85-Y86)",Unintentional injuries,Maine,990,68.0
2017,"Accidents (unintentional injuries) (V01-X59,Y85-Y86)",Unintentional injuries,Maryland,2408,36.9
2017,"Accidents (unintentional injuries) (V01-X59,Y85-Y86)",Unintentional injuries,Massachusetts,3821,51.5
2017,"Accidents (unintentional injuries) (V01-X59,Y85-Y86)",Unintentional injuries,Michigan,5623,53.0
2017,"Accidents (unintentional injuries) (V01-X59,Y85-Y86)",Unintentional injuries,Minnesota,2788,44.6
2017,"Accidents (unintentional injuries) (V01-X59,Y85-Y86)",Unintentional injuries,Mississippi,1738,56.3
2017,"Accidents (unintentional injuries) (V01-X59,Y85-Y86)",Unintentional injuries,Missouri,3776,58.8
2017,"Accidents (unintentional injuries) (V01-X59,Y85-Y86)",Unintentional injuries,Montana,579,50.2
2017,"Accidents (unintentional injuries) (V01-X59,Y85-Y86)",Unintentional injuries,Nebraska,811,38.5
2017,"Accidents (unintentional injuries) (V01-X59,Y85-Y86)",Unintentional injuries,Nevada,1496,47.8
2017,"Accidents (unintentional injuries) (V01-X59,Y85-Y86)",Unintentional injuries,New Hampshire,907,62.9
2017,"Accidents (unintentional injuries) (V01-X59,Y85-Y86)",Unintentional injuries,New Jersey,4482,47.3
2017,"Accidents (unintentional injuries) (V01-X59,Y85-Y86)",Unintentional injuries,New Mexico,1460,68.3
2017,"Accidents (unintentional injuries) (V01-X59,Y85-Y86)",Unintentional injuries,New York,7687,35.5
2017,"Accidents (unintentional injuries) (V01-X59,Y85-Y86)",Unintentional injuries,North Carolina,5985,56.3
2017,"Accidents (unintentional injuries) (V01-X59,Y85-Y86)",Unintentional injuries,North Dakota,339,41.3
2017,"Accidents (unintentional injuries) (V01-X59,Y85-Y86)",Unintentional injuries,Ohio,8971,75.1
2017,"Accidents (unintentional injuries) (V01-X59,Y85-Y86)",Unintentional injuries,Oklahoma,2563,62.5
2017,"Accidents (unintentional injuries) (V01-X59,Y85-Y86)",Unintentional injuries,Oregon,2076,44.8
2017,"Accidents (unintentional injuries) (V01-X59,Y85-Y86)",Unintentional injuries,Pennsylvania,9527,70.2
2017,"Accidents (unintentional injuries) (V01-X59,Y85-Y86)",Unintentional injuries,Rhode Island,718,60.0
2017,"Accidents (unintentional injuries) (V01-X59,Y85-Y86)",Unintentional injuries,South Carolina,3147,60.2
2017,"Accidents (unintentional injuries) (V01-X59,Y85-Y86)",Unintentional injuries,South Dakota,537,56.1
2017,"Accidents (unintentional injuries) (V01-X59,Y85-Y86)",Unintentional injuries,Tennessee,4435,63.0
2017,"Accidents (unintentional injuries) (V01-X59,Y85-Y86)",Unintentional injuries,Texas,10763,38.8
2017,"Accidents (unintentional injuries) (V01-X59,Y85-Y86)",Unintentional injuries,Utah,1238,44.2
2017,"Accidents (unintentional injuries) (V01-X59,Y85-Y86)",Unintentional injuries,Vermont,394,56.9
2017,"Accidents (unintentional injuries) (V01-X59,Y85-Y86)",Unintentional injuries,Virginia,3922,44.0
2017,"Accidents (unintentional injuries) (V01-X59,Y85-Y86)",Unintentional injuries,Washington,3455,44.0
2017,"Accidents (unintentional injuries) (V01-X59,Y85-Y86)",Unintentional injuries,West Virginia,1892,100.3
2017,"Accidents (unintentional injuries) (V01-X59,Y85-Y86)",Unintentional injuries,Wisconsin,3746,58.3
2017,"Accidents (unintentional injuries) (V01-X59,Y85-Y86)",Unintentional injuries,Wyoming,348,56.9
2017,Alzheimer's disease (G30),Alzheimer's disease,United States,121404,31.0
2017,Alzheimer's disease (G30),Alzheimer's disease,Alabama,2563,45.2
2017,Alzheimer's disease (G30),Alzheimer's disease,Alaska,98,22.1
2017,Alzheimer's disease (G30),Alzheimer's disease,Arizona,3058,35.1
2017,Alzheimer's disease (G30),Alzheimer's disease,Arkansas,1436,39.4
2017,Alzheimer's disease (G30),Alzheimer's disease,California,16238,37.1
2017,Alzheimer's disease (G30),Alzheimer's disease,Colorado,1830,34.2
2017,Alzheimer's disease (G30),Alzheimer's disease,Connecticut,1077,20.4
2017,Alzheimer's disease (G30),Alzheimer's disease,Delaware,377,30.6
2017,Alzheimer's disease (G30),Alzheimer's disease,District of Columbia,125,17.6
2017,Alzheimer's disease (G30),Alzheimer's disease,Florida,6980,20.7
2017,Alzheimer's disease (G30),Alzheimer's disease,Georgia,4290,46.0
2017,Alzheimer's disease (G30),Alzheimer's disease,Hawaii,465,19.7
2017,Alzheimer's disease (G30),Alzheimer's disease,Idaho,672,36.6
2017,Alzheimer's disease (G30),Alzheimer's disease,Illinois,4021,25.6
2017,Alzheimer's disease (G30),Alzheimer's disease,Indiana,2771,35.3
2017,Alzheimer's disease (G30),Alzheimer's disease,Iowa,1597,35.3
2017,Alzheimer's disease (G30),Alzheimer's disease,Kansas,894,24.3
2017,Alzheimer's disease (G30),Alzheimer's disease,Kentucky,1765,35.0
2017,Alzheimer's disease (G30),Alzheimer's disease,Louisiana,2188,43.7
2017,Alzheimer's disease (G30),Alzheimer's disease,Maine,601,30.4
2017,Alzheimer's disease (G30),Alzheimer's disease,Maryland,1191,17.1
2017,Alzheimer's disease (G30),Alzheimer's disease,Massachusetts,1841,19.9
2017,Alzheimer's disease (G30),Alzheimer's disease,Michigan,4428,34.5
2017,Alzheimer's disease (G30),Alzheimer's disease,Minnesota,2474,34.9
2017,Alzheimer's disease (G30),Alzheimer's disease,Mississippi,1626,49.6
2017,Alzheimer's disease (G30),Alzheimer's disease,Missouri,2545,32.3
2017,Alzheimer's disease (G30),Alzheimer's disease,Montana,285,20.9
2017,Alzheimer's disease (G30),Alzheimer's disease,Nebraska,698,28.5
2017,Alzheimer's disease (G30),Alzheimer's disease,Nevada,779,27.3
2017,Alzheimer's disease (G30),Alzheimer's disease,New Hampshire,436,24.8
2017,Alzheimer's disease (G30),Alzheimer's disease,New Jersey,2829,23.6
2017,Alzheimer's disease (G30),Alzheimer's disease,New Mexico,572,22.7
2017,Alzheimer's disease (G30),Alzheimer's disease,New York,3521,13.2
2017,Alzheimer's disease (G30),Alzheimer's disease,North Carolina,4289,37.3
2017,Alzheimer's disease (G30),Alzheimer's disease,North Dakota,387,36.5
2017,Alzheimer's disease (G30),Alzheimer's disease,Ohio,5117,33.6
2017,Alzheimer's disease (G30),Alzheimer's disease,Oklahoma,1752,39.4
2017,Alzheimer's disease (G30),Alzheimer's disease,Oregon,1850,36.0
2017,Alzheimer's disease (G30),Alzheimer's disease,Pennsylvania,4213,21.7
2017,Alzheimer's disease (G30),Alzheimer's disease,Rhode Island,435,27.3
2017,Alzheimer's disease (G30),Alzheimer's disease,South Carolina,2549,45.0
2017,Alzheimer's disease (G30),Alzheimer's disease,South Dakota,444,36.9
2017,Alzheimer's disease (G30),Alzheimer's disease,Tennessee,3522,46.7
2017,Alzheimer's disease (G30),Alzheimer's disease,Texas,9545,38.5
2017,Alzheimer's disease (G30),Alzheimer's disease,Utah,991,42.1
2017,Alzheimer's disease (G30),Alzheimer's disease,Vermont,370,42.9
2017,Alzheimer's disease (G30),Alzheimer's disease,Virginia,2549,27.6
2017,Alzheimer's disease (G30),Alzheimer's disease,Washington,3710,46.0
2017,Alzheimer's disease (G30),Alzheimer's disease,West Virginia,770,30.6
2017,Alzheimer's disease (G30),Alzheimer's disease,Wisconsin,2428,31.6
2017,Alzheimer's disease (G30),Alzheimer's disease,Wyoming,212,32.7
2017,Cerebrovascular diseases (I60-I69),Stroke,United States,146383,37.6
2017,Cerebrovascular diseases (I60-I69),Stroke,Alabama,2931,50.0
2017,Cerebrovascular diseases (I60-I69),Stroke,Alaska,190,35.1
2017,Cerebrovascular diseases (I60-I69),Stroke,Arizona,2681,30.8
2017,Cerebrovascular diseases (I60-I69),Stroke,Arkansas,1612,43.8
2017,Cerebrovascular diseases (I60-I69),Stroke,California,16355,37.6
2017,Cerebrovascular diseases (I60-I69),Stroke,Colorado,1988,35.8
2017,Cerebrovascular diseases (I60-I69),Stroke,Connecticut,1403,27.8
2017,Cerebrovascular diseases (I60-I69),Stroke,Delaware,571,46.2
2017,Cerebrovascular diseases (I60-I69),Stroke,District of Columbia,246,35.9
2017,Cerebrovascular diseases (I60-I69),Stroke,Florida,12602,38.9
2017,Cerebrovascular diseases (I60-I69),Stroke,Georgia,4399,43.5
2017,Cerebrovascular diseases (I60-I69),Stroke,Hawaii,764,37.5
2017,Cerebrovascular diseases (I60-I69),Stroke,Idaho,726,38.5
2017,Cerebrovascular diseases (I60-I69),Stroke,Illinois,6020,38.9
2017,Cerebrovascular diseases (I60-I69),Stroke,Indiana,3150,40.2
2017,Cerebrovascular diseases (I60-I69),Stroke,Iowa,1416,32.8
2017,Cerebrovascular diseases (I60-I69),Stroke,Kansas,1355,37.7
2017,Cerebrovascular diseases (I60-I69),Stroke,Kentucky,2050,39.4
2017,Cerebrovascular diseases (I60-I69),Stroke,Louisiana,2460,47.4
2017,Cerebrovascular diseases (I60-I69),Stroke,Maine,736,37.5
2017,Cerebrovascular diseases (I60-I69),Stroke,Maryland,2820,40.2
2017,Cerebrovascular diseases (I60-I69),Stroke,Massachusetts,2367,26.5
2017,Cerebrovascular diseases (I60-I69),Stroke,Michigan,5002,39.3
2017,Cerebrovascular diseases (I60-I69),Stroke,Minnesota,2250,32.6
2017,Cerebrovascular diseases (I60-I69),Stroke,Mississippi,1723,51.1
2017,Cerebrovascular diseases (I60-I69),Stroke,Missouri,3159,41.0
2017,Cerebrovascular diseases (I60-I69),Stroke,Montana,487,35.6
2017,Cerebrovascular diseases (I60-I69),Stroke,Nebraska,760,31.5
2017,Cerebrovascular diseases (I60-I69),Stroke,Nevada,1137,35.9
2017,Cerebrovascular diseases (I60-I69),Stroke,New Hampshire,514,28.9
2017,Cerebrovascular diseases (I60-I69),Stroke,New Jersey,3474,30.2
2017,Cerebrovascular diseases (I60-I69),Stroke,New Mexico,878,34.8
2017,Cerebrovascular diseases (I60-I69),Stroke,New York,6264,24.6
2017,Cerebrovascular diseases (I60-I69),Stroke,North Carolina,5098,43.0
2017,Cerebrovascular diseases (I60-I69),Stroke,North Dakota,337,35.4
2017,Cerebrovascular diseases (I60-I69),Stroke,Ohio,6425,42.8
2017,Cerebrovascular diseases (I60-I69),Stroke,Oklahoma,1947,43.3
2017,Cerebrovascular diseases (I60-I69),Stroke,Oregon,2066,39.9
2017,Cerebrovascular diseases (I60-I69),Stroke,Pennsylvania,6700,36.5
2017,Cerebrovascular diseases (I60-I69),Stroke,Rhode Island,425,29.4
2017,Cerebrovascular diseases (I60-I69),Stroke,South Carolina,2691,44.9
2017,Cerebrovascular diseases (I60-I69),Stroke,South Dakota,414,36.7
2017,Cerebrovascular diseases (I60-I69),Stroke,Tennessee,3519,45.0
2017,Cerebrovascular diseases (I60-I69),Stroke,Texas,10790,41.3
2017,Cerebrovascular diseases (I60-I69),Stroke,Utah,888,36.2
2017,Cerebrovascular diseases (I60-I69),Stroke,Vermont,249,28.9
2017,Cerebrovascular diseases (I60-I69),Stroke,Virginia,3555,37.5
2017,Cerebrovascular diseases (I60-I69),Stroke,Washington,3028,36.9
2017,Cerebrovascular diseases (I60-I69),Stroke,West Virginia,1058,41.8
2017,Cerebrovascular diseases (I60-I69),Stroke,Wisconsin,2513,33.5
2017,Cerebrovascular diseases (I60-I69),Stroke,Wyoming,190,28.4
2017,Chronic lower respiratory diseases (J40-J47),CLRD,United States,160201,40.9
2017,Chronic lower respiratory diseases (J40-J47),CLRD,Alabama,3484,57.8
2017,Chronic lower respiratory diseases (J40-J47),CLRD,Alaska,204,35.9
2017,Chronic lower respiratory diseases (J40-J47),CLRD,Arizona,3802,42.7
2017,Chronic lower respiratory diseases (J40-J47),CLRD,Arkansas,2517,66.7
2017,Chronic lower respiratory diseases (J40-J47),CLRD,California,13881,32.2
2017,Chronic lower respiratory diseases (J40-J47),CLRD,Colorado,2604,45.6
2017,Chronic lower respiratory diseases (J40-J47),CLRD,Connecticut,1471,30.4
2017,Chronic lower respiratory diseases (J40-J47),CLRD,Delaware,526,40.8
2017,Chronic lower respiratory diseases (J40-J47),CLRD,District of Columbia,137,19.6
2017,Chronic lower respiratory diseases (J40-J47),CLRD,Florida,12619,39.0
2017,Chronic lower respiratory diseases (J40-J47),CLRD,Georgia,4866,46.2
2017,Chronic lower respiratory diseases (J40-J47),CLRD,Hawaii,378,19.0
2017,Chronic lower respiratory diseases (J40-J47),CLRD,Idaho,925,47.3
2017,Chronic lower respiratory diseases (J40-J47),CLRD,Illinois,5732,37.6
2017,Chronic lower respiratory diseases (J40-J47),CLRD,Indiana,4375,55.2
2017,Chronic lower respiratory diseases (J40-J47),CLRD,Iowa,1939,46.5
2017,Chronic lower respiratory diseases (J40-J47),CLRD,Kansas,1832,51.7
2017,Chronic lower respiratory diseases (J40-J47),CLRD,Kentucky,3480,64.5
2017,Chronic lower respiratory diseases (J40-J47),CLRD,Louisiana,2467,46.6
2017,Chronic lower respiratory diseases (J40-J47),CLRD,Maine,982,48.7
2017,Chronic lower respiratory diseases (J40-J47),CLRD,Maryland,2079,29.9
2017,Chronic lower respiratory diseases (J40-J47),CLRD,Massachusetts,2842,32.5
2017,Chronic lower respiratory diseases (J40-J47),CLRD,Michigan,5688,44.3
2017,Chronic lower respiratory diseases (J40-J47),CLRD,Minnesota,2464,36.3
2017,Chronic lower respiratory diseases (J40-J47),CLRD,Mississippi,2037,58.3
2017,Chronic lower respiratory diseases (J40-J47),CLRD,Missouri,3940,50.7
2017,Chronic lower respiratory diseases (J40-J47),CLRD,Montana,752,53.5
2017,Chronic lower respiratory diseases (J40-J47),CLRD,Nebraska,1224,52.6
2017,Chronic lower respiratory diseases (J40-J47),CLRD,Nevada,1633,50.0
2017,Chronic lower respiratory diseases (J40-J47),CLRD,New Hampshire,755,43.0
2017,Chronic lower respiratory diseases (J40-J47),CLRD,New Jersey,3227,28.6
2017,Chronic lower respiratory diseases (J40-J47),CLRD,New Mexico,1143,44.2
2017,Chronic lower respiratory diseases (J40-J47),CLRD,New York,7258,28.9
2017,Chronic lower respiratory diseases (J40-J47),CLRD,North Carolina,5540,45.3
2017,Chronic lower respiratory diseases (J40-J47),CLRD,North Dakota,358,38.3
2017,Chronic lower respiratory diseases (J40-J47),CLRD,Ohio,7312,48.5
2017,Chronic lower respiratory diseases (J40-J47),CLRD,Oklahoma,3035,65.9
2017,Chronic lower respiratory diseases (J40-J47),CLRD,Oregon,2088,39.7
2017,Chronic lower respiratory diseases (J40-J47),CLRD,Pennsylvania,6667,37.1
2017,Chronic lower respiratory diseases (J40-J47),CLRD,Rhode Island,521,36.2
2017,Chronic lower respiratory diseases (J40-J47),CLRD,South Carolina,2983,47.9
2017,Chronic lower respiratory diseases (J40-J47),CLRD,South Dakota,505,45.3
2017,Chronic lower respiratory diseases (J40-J47),CLRD,Tennessee,4657,57.4
2017,Chronic lower respiratory diseases (J40-J47),CLRD,Texas,10650,40.5
2017,Chronic lower respiratory diseases (J40-J47),CLRD,Utah,826,32.1
2017,Chronic lower respiratory diseases (J40-J47),CLRD,Vermont,375,43.0
2017,Chronic lower respiratory diseases (J40-J47),CLRD,Virginia,3363,34.9
2017,Chronic lower respiratory diseases (J40-J47),CLRD,Washington,3177,38.1
2017,Chronic lower respiratory diseases (J40-J47),CLRD,West Virginia,1681,64.3
2017,Chronic lower respiratory diseases (J40-J47),CLRD,Wisconsin,2834,38.3
2017,Chronic lower respiratory diseases (J40-J47),CLRD,Wyoming,366,53.8
2017,Diabetes mellitus (E10-E14),Diabetes,United States,83564,21.5
2017,Diabetes mellitus (E10-E14),Diabetes,Alabama,1173,19.8
2017,Diabetes mellitus (E10-E14),Diabetes,Alaska,130,19.3
2017,Diabetes mellitus (E10-E14),Diabetes,Arizona,2054,23.7
2017,Diabetes mellitus (E10-E14),Diabetes,Arkansas,1180,32.4
2017,Diabetes mellitus (E10-E14),Diabetes,California,9595,22.1
2017,Diabetes mellitus (E10-E14),Diabetes,Colorado,1017,17.2
2017,Diabetes mellitus (E10-E14),Diabetes,Connecticut,694,14.5
2017,Diabetes mellitus (E10-E14),Diabetes,Delaware,244,19.1
2017,Diabetes mellitus (E10-E14),Diabetes,District of Columbia,138,20.1
2017,Diabetes mellitus (E10-E14),Diabetes,Florida,6172,20.2
2017,Diabetes mellitus (E10-E14),Diabetes,Georgia,2348,21.5
2017,Diabetes mellitus (E10-E14),Diabetes,Hawaii,299,15.9
2017,Diabetes mellitus (E10-E14),Diabetes,Idaho,394,20.3
2017,Diabetes mellitus (E10-E14),Diabetes,Illinois,2927,19.2
2017,Diabetes mellitus (E10-E14),Diabetes,Indiana,2096,26.6
2017,Diabetes mellitus (E10-E14),Diabetes,Iowa,918,22.8
2017,Diabetes mellitus (E10-E14),Diabetes,Kansas,874,25.2
2017,Diabetes mellitus (E10-E14),Diabetes,Kentucky,1474,27.7
2017,Diabetes mellitus (E10-E14),Diabetes,Louisiana,1272,23.9
2017,Diabetes mellitus (E10-E14),Diabetes,Maine,395,19.8
2017,Diabetes mellitus (E10-E14),Diabetes,Maryland,1439,20.3
2017,Diabetes mellitus (E10-E14),Diabetes,Massachusetts,1321,15.1
2017,Diabetes mellitus (E10-E14),Diabetes,Michigan,2798,22.1
2017,Diabetes mellitus (E10-E14),Diabetes,Minnesota,1312,19.3
2017,Diabetes mellitus (E10-E14),Diabetes,Mississippi,1164,33.3
2017,Diabetes mellitus (E10-E14),Diabetes,Missouri,1605,21.0
2017,Diabetes mellitus (E10-E14),Diabetes,Montana,292,21.6
2017,Diabetes mellitus (E10-E14),Diabetes,Nebraska,575,25.0
2017,Diabetes mellitus (E10-E14),Diabetes,Nevada,609,18.3
2017,Diabetes mellitus (E10-E14),Diabetes,New Hampshire,340,19.2
2017,Diabetes mellitus (E10-E14),Diabetes,New Jersey,1908,16.9
2017,Diabetes mellitus (E10-E14),Diabetes,New Mexico,673,26.5
2017,Diabetes mellitus (E10-E14),Diabetes,New York,4176,16.8
2017,Diabetes mellitus (E10-E14),Diabetes,North Carolina,2903,23.6
2017,Diabetes mellitus (E10-E14),Diabetes,North Dakota,194,21.8
2017,Diabetes mellitus (E10-E14),Diabetes,Ohio,3740,25.2
2017,Diabetes mellitus (E10-E14),Diabetes,Oklahoma,1398,30.6
2017,Diabetes mellitus (E10-E14),Diabetes,Oregon,1243,23.9
2017,Diabetes mellitus (E10-E14),Diabetes,Pennsylvania,3704,21.1
2017,Diabetes mellitus (E10-E14),Diabetes,Rhode Island,275,18.8
2017,Diabetes mellitus (E10-E14),Diabetes,South Carolina,1535,24.5
2017,Diabetes mellitus (E10-E14),Diabetes,South Dakota,263,24.9
2017,Diabetes mellitus (E10-E14),Diabetes,Tennessee,1915,24.0
2017,Diabetes mellitus (E10-E14),Diabetes,Texas,5832,21.2
2017,Diabetes mellitus (E10-E14),Diabetes,Utah,596,22.9
2017,Diabetes mellitus (E10-E14),Diabetes,Vermont,163,19.2
2017,Diabetes mellitus (E10-E14),Diabetes,Virginia,1967,20.1
2017,Diabetes mellitus (E10-E14),Diabetes,Washington,1812,21.6
2017,Diabetes mellitus (E10-E14),Diabetes,West Virginia,864,34.0
2017,Diabetes mellitus (E10-E14),Diabetes,Wisconsin,1433,19.4
2017,Diabetes mellitus (E10-E14),Diabetes,Wyoming,121,18.1
2017,"Diseases of heart (I00-I09,I11,I13,I20-I51)",Heart disease,United States,647457,165.0
2017,"Diseases of heart (I00-I09,I11,I13,I20-I51)",Heart disease,Alabama,13110,223.2
2017,"Diseases of heart (I00-I09,I11,I13,I20-I51)",Heart disease,Alaska,814,135.0
2017,"Diseases of heart (I00-I09,I11,I13,I20-I51)",Heart disease,Arizona,12398,141.9
2017,"Diseases of heart (I00-I09,I11,I13,I20-I51)",Heart disease,Arkansas,8270,223.8
2017,"Diseases of heart (I00-I09,I11,I13,I20-I51)",Heart disease,California,62797,142.9
2017,"Diseases of heart (I00-I09,I11,I13,I20-I51)",Heart disease,Colorado,7060,122.7
2017,"Diseases of heart (I00-I09,I11,I13,I20-I51)",Heart disease,Connecticut,7138,141.6
2017,"Diseases of heart (I00-I09,I11,I13,I20-I51)",Heart disease,Delaware,1990,158.4
2017,"Diseases of heart (I00-I09,I11,I13,I20-I51)",Heart disease,District of Columbia,1284,189.8
2017,"Diseases of heart (I00-I09,I11,I13,I20-I51)",Heart disease,Florida,46440,145.8
2017,"Diseases of heart (I00-I09,I11,I13,I20-I51)",Heart disease,Georgia,18389,175.8
2017,"Diseases of heart (I00-I09,I11,I13,I20-I51)",Heart disease,Hawaii,2575,129.8
2017,"Diseases of heart (I00-I09,I11,I13,I20-I51)",Heart disease,Idaho,3084,162.5
2017,"Diseases of heart (I00-I09,I11,I13,I20-I51)",Heart disease,Illinois,25394,163.3
2017,"Diseases of heart (I00-I09,I11,I13,I20-I51)",Heart disease,Indiana,14445,183.2
2017,"Diseases of heart (I00-I09,I11,I13,I20-I51)",Heart disease,Iowa,7180,167.4
2017,"Diseases of heart (I00-I09,I11,I13,I20-I51)",Heart disease,Kansas,5723,158.0
2017,"Diseases of heart (I00-I09,I11,I13,I20-I51)",Heart disease,Kentucky,10343,195.9
2017,"Diseases of heart (I00-I09,I11,I13,I20-I51)",Heart disease,Louisiana,11260,214.4
2017,"Diseases of heart (I00-I09,I11,I13,I20-I51)",Heart disease,Maine,2844,143.5
2017,"Diseases of heart (I00-I09,I11,I13,I20-I51)",Heart disease,Maryland,11653,164.5
2017,"Diseases of heart (I00-I09,I11,I13,I20-I51)",Heart disease,Massachusetts,12140,134.7
2017,"Diseases of heart (I00-I09,I11,I13,I20-I51)",Heart disease,Michigan,25187,196.1
2017,"Diseases of heart (I00-I09,I11,I13,I20-I51)",Heart disease,Minnesota,8230,119.1
2017,"Diseases of heart (I00-I09,I11,I13,I20-I51)",Heart disease,Mississippi,7944,231.6
2017,"Diseases of heart (I00-I09,I11,I13,I20-I51)",Heart disease,Missouri,14820,191.1
2017,"Diseases of heart (I00-I09,I11,I13,I20-I51)",Heart disease,Montana,2164,155.0
2017,"Diseases of heart (I00-I09,I11,I13,I20-I51)",Heart disease,Nebraska,3581,149.3
2017,"Diseases of heart (I00-I09,I11,I13,I20-I51)",Heart disease,Nevada,6417,199.3
2017,"Diseases of heart (I00-I09,I11,I13,I20-I51)",Heart disease,New Hampshire,2721,149.7
2017,"Diseases of heart (I00-I09,I11,I13,I20-I51)",Heart disease,New Jersey,18840,162.3
2017,"Diseases of heart (I00-I09,I11,I13,I20-I51)",Heart disease,New Mexico,3896,151.4
2017,"Diseases of heart (I00-I09,I11,I13,I20-I51)",Heart disease,New York,44092,171.2
2017,"Diseases of heart (I00-I09,I11,I13,I20-I51)",Heart disease,North Carolina,18808,156.5
2017,"Diseases of heart (I00-I09,I11,I13,I20-I51)",Heart disease,North Dakota,1326,137.8
2017,"Diseases of heart (I00-I09,I11,I13,I20-I51)",Heart disease,Ohio,28008,186.2
2017,"Diseases of heart (I00-I09,I11,I13,I20-I51)",Heart disease,Oklahoma,10772,237.2
2017,"Diseases of heart (I00-I09,I11,I13,I20-I51)",Heart disease,Oregon,6942,134.0
2017,"Diseases of heart (I00-I09,I11,I13,I20-I51)",Heart disease,Pennsylvania,32312,176.0
2017,"Diseases of heart (I00-I09,I11,I13,I20-I51)",Heart disease,Rhode Island,2339,155.7
2017,"Diseases of heart (I00-I09,I11,I13,I20-I51)",Heart disease,South Carolina,10418,172.0
2017,"Diseases of heart (I00-I09,I11,I13,I20-I51)",Heart disease,South Dakota,1710,150.1
2017,"Diseases of heart (I00-I09,I11,I13,I20-I51)",Heart disease,Tennessee,16019,202.2
2017,"Diseases of heart (I00-I09,I11,I13,I20-I51)",Heart disease,Texas,45346,169.2
2017,"Diseases of heart (I00-I09,I11,I13,I20-I51)",Heart disease,Utah,3749,150.2
2017,"Diseases of heart (I00-I09,I11,I13,I20-I51)",Heart disease,Vermont,1332,152.5
2017,"Diseases of heart (I00-I09,I11,I13,I20-I51)",Heart disease,Virginia,14861,154.5
2017,"Diseases of heart (I00-I09,I11,I13,I20-I51)",Heart disease,Washington,11582,138.8
2017,"Diseases of heart (I00-I09,I11,I13,I20-I51)",Heart disease,West Virginia,4849,192.0
2017,"Diseases of heart (I00-I09,I11,I13,I20-I51)",Heart disease,Wisconsin,11860,157.6
2017,"Diseases of heart (I00-I09,I11,I13,I20-I51)",Heart disease,Wyoming,1001,148.9
2017,Influenza and pneumonia (J09-J18),Influenza and pneumonia,United States,55672,14.3
2017,Influenza and pneumonia (J09-J18),Influenza and pneumonia,Alabama,1176,20.2
2017,Influenza and pneumonia (J09-J18),Influenza and pneumonia,Alaska,66,11.7
2017,Influenza and pneumonia (J09-J18),Influenza and pneumonia,Arizona,876,10.1
2017,Influenza and pneumonia (J09-J18),Influenza and pneumonia,Arkansas,720,19.8
2017,Influenza and pneumonia (J09-J18),Influenza and pneumonia,California,6340,14.6
2017,Influenza and pneumonia (J09-J18),Influenza and pneumonia,Colorado,577,10.1
2017,Influenza and pneumonia (J09-J18),Influenza and pneumonia,Connecticut,675,13.1
2017,Influenza and pneumonia (J09-J18),Influenza and pneumonia,Delaware,184,14.9
2017,Influenza and pneumonia (J09-J18),Influenza and pneumonia,District of Columbia,79,11.4
2017,Influenza and pneumonia (J09-J18),Influenza and pneumonia,Florida,3057,9.6
2017,Influenza and pneumonia (J09-J18),Influenza and pneumonia,Georgia,1400,13.8
2017,Influenza and pneumonia (J09-J18),Influenza and pneumonia,Hawaii,637,29.6
2017,Influenza and pneumonia (J09-J18),Influenza and pneumonia,Idaho,255,13.7
2017,Influenza and pneumonia (J09-J18),Influenza and pneumonia,Illinois,2402,15.6
2017,Influenza and pneumonia (J09-J18),Influenza and pneumonia,Indiana,1078,13.8
2017,Influenza and pneumonia (J09-J18),Influenza and pneumonia,Iowa,578,13.2
2017,Influenza and pneumonia (J09-J18),Influenza and pneumonia,Kansas,546,15.0
2017,Influenza and pneumonia (J09-J18),Influenza and pneumonia,Kentucky,932,18.1
2017,Influenza and pneumonia (J09-J18),Influenza and pneumonia,Louisiana,785,15.1
2017,Influenza and pneumonia (J09-J18),Influenza and pneumonia,Maine,301,15.2
2017,Influenza and pneumonia (J09-J18),Influenza and pneumonia,Maryland,990,14.0
2017,Influenza and pneumonia (J09-J18),Influenza and pneumonia,Massachusetts,1433,15.9
2017,Influenza and pneumonia (J09-J18),Influenza and pneumonia,Michigan,1798,14.2
2017,Influenza and pneumonia (J09-J18),Influenza and pneumonia,Minnesota,697,9.9
2017,Influenza and pneumonia (J09-J18),Influenza and pneumonia,Mississippi,782,23.0
2017,Influenza and pneumonia (J09-J18),Influenza and pneumonia,Missouri,1281,16.7
2017,Influenza and pneumonia (J09-J18),Influenza and pneumonia,Montana,185,13.3
2017,Influenza and pneumonia (J09-J18),Influenza and pneumonia,Nebraska,393,16.2
2017,Influenza and pneumonia (J09-J18),Influenza and pneumonia,Nevada,636,19.6
2017,Influenza and pneumonia (J09-J18),Influenza and pneumonia,New Hampshire,230,13.1
2017,Influenza and pneumonia (J09-J18),Influenza and pneumonia,New Jersey,1337,11.7
2017,Influenza and pneumonia (J09-J18),Influenza and pneumonia,New Mexico,338,13.6
2017,Influenza and pneumonia (J09-J18),Influenza and pneumonia,New York,4517,17.7
2017,Influenza and pneumonia (J09-J18),Influenza and pneumonia,North Carolina,2076,17.5
2017,Influenza and pneumonia (J09-J18),Influenza and pneumonia,North Dakota,147,15.3
2017,Influenza and pneumonia (J09-J18),Influenza and pneumonia,Ohio,2243,14.9
2017,Influenza and pneumonia (J09-J18),Influenza and pneumonia,Oklahoma,625,13.9
2017,Influenza and pneumonia (J09-J18),Influenza and pneumonia,Oregon,573,11.1
2017,Influenza and pneumonia (J09-J18),Influenza and pneumonia,Pennsylvania,2718,14.6
2017,Influenza and pneumonia (J09-J18),Influenza and pneumonia,Rhode Island,206,13.9
2017,Influenza and pneumonia (J09-J18),Influenza and pneumonia,South Carolina,723,12.3
2017,Influenza and pneumonia (J09-J18),Influenza and pneumonia,South Dakota,217,19.0
2017,Influenza and pneumonia (J09-J18),Influenza and pneumonia,Tennessee,1656,21.3
2017,Influenza and pneumonia (J09-J18),Influenza and pneumonia,Texas,2954,11.2
2017,Influenza and pneumonia (J09-J18),Influenza and pneumonia,Utah,334,13.3
2017,Influenza and pneumonia (J09-J18),Influenza and pneumonia,Vermont,86,9.7
2017,Influenza and pneumonia (J09-J18),Influenza and pneumonia,Virginia,1245,13.1
2017,Influenza and pneumonia (J09-J18),Influenza and pneumonia,Washington,1041,12.6
2017,Influenza and pneumonia (J09-J18),Influenza and pneumonia,West Virginia,458,18.2
2017,Influenza and pneumonia (J09-J18),Influenza and pneumonia,Wisconsin,974,12.9
2017,Influenza and pneumonia (J09-J18),Influenza and pneumonia,Wyoming,115,17.5
2017,"Intentional self-harm (suicide) (*U03,X60-X84,Y87.0)",Suicide,United States,47173,14.0
2017,"Intentional self-harm (suicide) (*U03,X60-X84,Y87.0)",Suicide,Alabama,836,16.6
2017,"Intentional self-harm (suicide) (*U03,X60-X84,Y87.0)",Suicide,Alaska,200,27.0
2017,"Intentional self-harm (suicide) (*U03,X60-X84,Y87.0)",Suicide,Arizona,1327,18.2
2017,"Intentional self-harm (suicide) (*U03,X60-X84,Y87.0)",Suicide,Arkansas,631,20.8
2017,"Intentional self-harm (suicide) (*U03,X60-X84,Y87.0)",Suicide,California,4312,10.5
2017,"Intentional self-harm (suicide) (*U03,X60-X84,Y87.0)",Suicide,Colorado,1181,20.3
2017,"Intentional self-harm (suicide) (*U03,X60-X84,Y87.0)",Suicide,Connecticut,405,10.5
2017,"Intentional self-harm (suicide) (*U03,X60-X84,Y87.0)",Suicide,Delaware,112,11.6
2017,"Intentional self-harm (suicide) (*U03,X60-X84,Y87.0)",Suicide,District of Columbia,47,6.6
2017,"Intentional self-harm (suicide) (*U03,X60-X84,Y87.0)",Suicide,Florida,3227,14.0
2017,"Intentional self-harm (suicide) (*U03,X60-X84,Y87.0)",Suicide,Georgia,1451,13.6
2017,"Intentional self-harm (suicide) (*U03,X60-X84,Y87.0)",Suicide,Hawaii,227,15.2
2017,"Intentional self-harm (suicide) (*U03,X60-X84,Y87.0)",Suicide,Idaho,392,23.2
2017,"Intentional self-harm (suicide) (*U03,X60-X84,Y87.0)",Suicide,Illinois,1474,11.2
2017,"Intentional self-harm (suicide) (*U03,X60-X84,Y87.0)",Suicide,Indiana,1092,16.3
2017,"Intentional self-harm (suicide) (*U03,X60-X84,Y87.0)",Suicide,Iowa,479,15.0
2017,"Intentional self-harm (suicide) (*U03,X60-X84,Y87.0)",Suicide,Kansas,553,19.1
2017,"Intentional self-harm (suicide) (*U03,X60-X84,Y87.0)",Suicide,Kentucky,770,16.9
2017,"Intentional self-harm (suicide) (*U03,X60-X84,Y87.0)",Suicide,Louisiana,720,15.2
2017,"Intentional self-harm (suicide) (*U03,X60-X84,Y87.0)",Suicide,Maine,274,18.9
2017,"Intentional self-harm (suicide) (*U03,X60-X84,Y87.0)",Suicide,Maryland,630,9.9
2017,"Intentional self-harm (suicide) (*U03,X60-X84,Y87.0)",Suicide,Massachusetts,682,9.5
2017,"Intentional self-harm (suicide) (*U03,X60-X84,Y87.0)",Suicide,Michigan,1457,14.1
2017,"Intentional self-harm (suicide) (*U03,X60-X84,Y87.0)",Suicide,Minnesota,783,13.9
2017,"Intentional self-harm (suicide) (*U03,X60-X84,Y87.0)",Suicide,Mississippi,445,15.0
2017,"Intentional self-harm (suicide) (*U03,X60-X84,Y87.0)",Suicide,Missouri,1151,18.5
2017,"Intentional self-harm (suicide) (*U03,X60-X84,Y87.0)",Suicide,Montana,311,28.9
2017,"Intentional self-harm (suicide) (*U03,X60-X84,Y87.0)",Suicide,Nebraska,275,14.7
2017,"Intentional self-harm (suicide) (*U03,X60-X84,Y87.0)",Suicide,Nevada,627,20.3
2017,"Intentional self-harm (suicide) (*U03,X60-X84,Y87.0)",Suicide,New Hampshire,265,18.9
2017,"Intentional self-harm (suicide) (*U03,X60-X84,Y87.0)",Suicide,New Jersey,795,8.3
2017,"Intentional self-harm (suicide) (*U03,X60-X84,Y87.0)",Suicide,New Mexico,491,23.3
2017,"Intentional self-harm (suicide) (*U03,X60-X84,Y87.0)",Suicide,New York,1696,8.1
2017,"Intentional self-harm (suicide) (*U03,X60-X84,Y87.0)",Suicide,North Carolina,1521,14.3
2017,"Intentional self-harm (suicide) (*U03,X60-X84,Y87.0)",Suicide,North Dakota,154,20.1
2017,"Intentional self-harm (suicide) (*U03,X60-X84,Y87.0)",Suicide,Ohio,1740,14.8
2017,"Intentional self-harm (suicide) (*U03,X60-X84,Y87.0)",Suicide,Oklahoma,756,19.1
2007,All Causes,All causes,Pennsylvania,125104,793.2
2017,"Intentional self-harm (suicide) (*U03,X60-X84,Y87.0)",Suicide,Oregon,825,19.0
2017,"Intentional self-harm (suicide) (*U03,X60-X84,Y87.0)",Suicide,Pennsylvania,2030,15.0
2017,"Intentional self-harm (suicide) (*U03,X60-X84,Y87.0)",Suicide,Rhode Island,129,11.8
2017,"Intentional self-harm (suicide) (*U03,X60-X84,Y87.0)",Suicide,South Carolina,838,16.3
2017,"Intentional self-harm (suicide) (*U03,X60-X84,Y87.0)",Suicide,South Dakota,191,22.5
2017,"Intentional self-harm (suicide) (*U03,X60-X84,Y87.0)",Suicide,Tennessee,1166,16.8
2017,"Intentional self-harm (suicide) (*U03,X60-X84,Y87.0)",Suicide,Texas,3778,13.4
2017,"Intentional self-harm (suicide) (*U03,X60-X84,Y87.0)",Suicide,Utah,663,22.7
2017,"Intentional self-harm (suicide) (*U03,X60-X84,Y87.0)",Suicide,Vermont,112,18.3
2017,"Intentional self-harm (suicide) (*U03,X60-X84,Y87.0)",Suicide,Virginia,1179,13.4
2017,"Intentional self-harm (suicide) (*U03,X60-X84,Y87.0)",Suicide,Washington,1297,16.9
2017,"Intentional self-harm (suicide) (*U03,X60-X84,Y87.0)",Suicide,West Virginia,393,21.1
2017,"Intentional self-harm (suicide) (*U03,X60-X84,Y87.0)",Suicide,Wisconsin,926,15.4
2017,"Intentional self-harm (suicide) (*U03,X60-X84,Y87.0)",Suicide,Wyoming,157,26.9
2017,Malignant neoplasms (C00-C97),Cancer,United States,599108,152.5
2017,Malignant neoplasms (C00-C97),Cancer,Alabama,10410,170.0
2017,Malignant neoplasms (C00-C97),Cancer,Alaska,926,139.2
2017,Malignant neoplasms (C00-C97),Cancer,Arizona,12008,135.8
2017,Malignant neoplasms (C00-C97),Cancer,Arkansas,6517,173.6
2017,Malignant neoplasms (C00-C97),Cancer,California,59516,136.8
2017,Malignant neoplasms (C00-C97),Cancer,Colorado,7829,131.0
2017,Malignant neoplasms (C00-C97),Cancer,Connecticut,6608,139.6
2017,Malignant neoplasms (C00-C97),Cancer,Delaware,2085,160.4
2017,Malignant neoplasms (C00-C97),Cancer,District of Columbia,1031,152.8
2017,Malignant neoplasms (C00-C97),Cancer,Florida,45131,145.9
2017,Malignant neoplasms (C00-C97),Cancer,Georgia,17135,154.9
2017,Malignant neoplasms (C00-C97),Cancer,Hawaii,2456,128.6
2017,Malignant neoplasms (C00-C97),Cancer,Idaho,3020,153.2
2017,Malignant neoplasms (C00-C97),Cancer,Illinois,24150,157.9
2017,Malignant neoplasms (C00-C97),Cancer,Indiana,13462,170.0
2017,Malignant neoplasms (C00-C97),Cancer,Iowa,6449,158.0
2017,Malignant neoplasms (C00-C97),Cancer,Kansas,5494,157.2
2017,Malignant neoplasms (C00-C97),Cancer,Kentucky,10145,185.7
2017,Malignant neoplasms (C00-C97),Cancer,Louisiana,9513,174.9
2017,Malignant neoplasms (C00-C97),Cancer,Maine,3391,170.8
2017,Malignant neoplasms (C00-C97),Cancer,Maryland,10796,151.5
2017,Malignant neoplasms (C00-C97),Cancer,Massachusetts,12934,149.3
2017,Malignant neoplasms (C00-C97),Cancer,Michigan,20671,161.3
2017,Malignant neoplasms (C00-C97),Cancer,Minnesota,9896,146.8
2017,Malignant neoplasms (C00-C97),Cancer,Mississippi,6526,183.1
2017,Malignant neoplasms (C00-C97),Cancer,Missouri,12971,167.3
2017,Malignant neoplasms (C00-C97),Cancer,Montana,2145,152.6
2017,Malignant neoplasms (C00-C97),Cancer,Nebraska,3502,152.6
2017,Malignant neoplasms (C00-C97),Cancer,Nevada,5283,155.3
2017,Malignant neoplasms (C00-C97),Cancer,New Hampshire,2760,153.5
2017,Malignant neoplasms (C00-C97),Cancer,New Jersey,16264,144.6
2017,Malignant neoplasms (C00-C97),Cancer,New Mexico,3620,138.3
2017,Malignant neoplasms (C00-C97),Cancer,New York,34956,141.2
2017,Malignant neoplasms (C00-C97),Cancer,North Carolina,19474,157.1
2017,Malignant neoplasms (C00-C97),Cancer,North Dakota,1280,142.6
2017,Malignant neoplasms (C00-C97),Cancer,Ohio,25643,171.2
2017,Malignant neoplasms (C00-C97),Cancer,Oklahoma,8203,177.3
2017,Malignant neoplasms (C00-C97),Cancer,Oregon,8083,154.2
2017,Malignant neoplasms (C00-C97),Cancer,Pennsylvania,28387,161.0
2017,Malignant neoplasms (C00-C97),Cancer,Rhode Island,2154,154.2
2017,Malignant neoplasms (C00-C97),Cancer,South Carolina,10356,162.7
2017,Malignant neoplasms (C00-C97),Cancer,South Dakota,1715,156.9
2017,Malignant neoplasms (C00-C97),Cancer,Tennessee,14302,173.4
2017,Malignant neoplasms (C00-C97),Cancer,Texas,40668,146.5
2017,Malignant neoplasms (C00-C97),Cancer,Utah,3161,120.3
2017,Malignant neoplasms (C00-C97),Cancer,Vermont,1434,164.5
2017,Malignant neoplasms (C00-C97),Cancer,Virginia,15064,152.6
2017,Malignant neoplasms (C00-C97),Cancer,Washington,12664,148.4
2017,Malignant neoplasms (C00-C97),Cancer,West Virginia,4654,179.4
2017,Malignant neoplasms (C00-C97),Cancer,Wisconsin,11318,153.2
2017,Malignant neoplasms (C00-C97),Cancer,Wyoming,948,136.1
2017,"Nephritis, nephrotic syndrome and nephrosis (N00-N07,N17-N19,N25-N27)",Kidney disease,United States,50633,13.0
2017,"Nephritis, nephrotic syndrome and nephrosis (N00-N07,N17-N19,N25-N27)",Kidney disease,Alabama,980,16.5
2017,"Nephritis, nephrotic syndrome and nephrosis (N00-N07,N17-N19,N25-N27)",Kidney disease,Alaska,54,9.9
2017,"Nephritis, nephrotic syndrome and nephrosis (N00-N07,N17-N19,N25-N27)",Kidney disease,Arizona,540,6.2
2017,"Nephritis, nephrotic syndrome and nephrosis (N00-N07,N17-N19,N25-N27)",Kidney disease,Arkansas,725,19.7
2017,"Nephritis, nephrotic syndrome and nephrosis (N00-N07,N17-N19,N25-N27)",Kidney disease,California,3887,8.9
2017,"Nephritis, nephrotic syndrome and nephrosis (N00-N07,N17-N19,N25-N27)",Kidney disease,Colorado,503,8.9
2017,"Nephritis, nephrotic syndrome and nephrosis (N00-N07,N17-N19,N25-N27)",Kidney disease,Connecticut,554,11.2
2017,"Nephritis, nephrotic syndrome and nephrosis (N00-N07,N17-N19,N25-N27)",Kidney disease,Delaware,205,16.1
2017,"Nephritis, nephrotic syndrome and nephrosis (N00-N07,N17-N19,N25-N27)",Kidney disease,District of Columbia,67,10.0
2017,"Nephritis, nephrotic syndrome and nephrosis (N00-N07,N17-N19,N25-N27)",Kidney disease,Florida,3172,10.1
2017,"Nephritis, nephrotic syndrome and nephrosis (N00-N07,N17-N19,N25-N27)",Kidney disease,Georgia,1942,18.6
2017,"Nephritis, nephrotic syndrome and nephrosis (N00-N07,N17-N19,N25-N27)",Kidney disease,Hawaii,208,10.7
2017,"Nephritis, nephrotic syndrome and nephrosis (N00-N07,N17-N19,N25-N27)",Kidney disease,Idaho,170,9.0
2017,"Nephritis, nephrotic syndrome and nephrosis (N00-N07,N17-N19,N25-N27)",Kidney disease,Illinois,2565,16.8
2017,"Nephritis, nephrotic syndrome and nephrosis (N00-N07,N17-N19,N25-N27)",Kidney disease,Indiana,1440,18.5
2017,"Nephritis, nephrotic syndrome and nephrosis (N00-N07,N17-N19,N25-N27)",Kidney disease,Iowa,367,8.8
2017,"Nephritis, nephrotic syndrome and nephrosis (N00-N07,N17-N19,N25-N27)",Kidney disease,Kansas,541,15.0
2017,"Nephritis, nephrotic syndrome and nephrosis (N00-N07,N17-N19,N25-N27)",Kidney disease,Kentucky,1024,19.4
2017,"Nephritis, nephrotic syndrome and nephrosis (N00-N07,N17-N19,N25-N27)",Kidney disease,Louisiana,1076,20.6
2017,"Nephritis, nephrotic syndrome and nephrosis (N00-N07,N17-N19,N25-N27)",Kidney disease,Maine,260,13.0
2017,"Nephritis, nephrotic syndrome and nephrosis (N00-N07,N17-N19,N25-N27)",Kidney disease,Maryland,830,11.9
2017,"Nephritis, nephrotic syndrome and nephrosis (N00-N07,N17-N19,N25-N27)",Kidney disease,Massachusetts,1193,13.4
2017,"Nephritis, nephrotic syndrome and nephrosis (N00-N07,N17-N19,N25-N27)",Kidney disease,Michigan,1874,14.7
2017,"Nephritis, nephrotic syndrome and nephrosis (N00-N07,N17-N19,N25-N27)",Kidney disease,Minnesota,537,7.7
2017,"Nephritis, nephrotic syndrome and nephrosis (N00-N07,N17-N19,N25-N27)",Kidney disease,Mississippi,741,21.7
2017,"Nephritis, nephrotic syndrome and nephrosis (N00-N07,N17-N19,N25-N27)",Kidney disease,Missouri,1515,19.6
2017,"Nephritis, nephrotic syndrome and nephrosis (N00-N07,N17-N19,N25-N27)",Kidney disease,Montana,129,9.2
2017,"Nephritis, nephrotic syndrome and nephrosis (N00-N07,N17-N19,N25-N27)",Kidney disease,Nebraska,226,9.5
2017,"Nephritis, nephrotic syndrome and nephrosis (N00-N07,N17-N19,N25-N27)",Kidney disease,Nevada,299,9.0
2017,"Nephritis, nephrotic syndrome and nephrosis (N00-N07,N17-N19,N25-N27)",Kidney disease,New Hampshire,169,9.4
2017,"Nephritis, nephrotic syndrome and nephrosis (N00-N07,N17-N19,N25-N27)",Kidney disease,New Jersey,1591,13.9
2017,"Nephritis, nephrotic syndrome and nephrosis (N00-N07,N17-N19,N25-N27)",Kidney disease,New Mexico,330,12.9
2017,"Nephritis, nephrotic syndrome and nephrosis (N00-N07,N17-N19,N25-N27)",Kidney disease,New York,2296,9.1
2017,"Nephritis, nephrotic syndrome and nephrosis (N00-N07,N17-N19,N25-N27)",Kidney disease,North Carolina,2040,17.1
2017,"Nephritis, nephrotic syndrome and nephrosis (N00-N07,N17-N19,N25-N27)",Kidney disease,North Dakota,122,12.9
2017,"Nephritis, nephrotic syndrome and nephrosis (N00-N07,N17-N19,N25-N27)",Kidney disease,Ohio,2237,15.0
2017,"Nephritis, nephrotic syndrome and nephrosis (N00-N07,N17-N19,N25-N27)",Kidney disease,Oklahoma,461,10.2
2017,"Nephritis, nephrotic syndrome and nephrosis (N00-N07,N17-N19,N25-N27)",Kidney disease,Oregon,377,7.3
2017,"Nephritis, nephrotic syndrome and nephrosis (N00-N07,N17-N19,N25-N27)",Kidney disease,Pennsylvania,2898,15.9
2017,"Nephritis, nephrotic syndrome and nephrosis (N00-N07,N17-N19,N25-N27)",Kidney disease,Rhode Island,176,11.6
2017,"Nephritis, nephrotic syndrome and nephrosis (N00-N07,N17-N19,N25-N27)",Kidney disease,South Carolina,950,15.5
2017,"Nephritis, nephrotic syndrome and nephrosis (N00-N07,N17-N19,N25-N27)",Kidney disease,South Dakota,75,6.8
2017,"Nephritis, nephrotic syndrome and nephrosis (N00-N07,N17-N19,N25-N27)",Kidney disease,Tennessee,1140,14.4
2017,"Nephritis, nephrotic syndrome and nephrosis (N00-N07,N17-N19,N25-N27)",Kidney disease,Texas,4256,16.0
2017,"Nephritis, nephrotic syndrome and nephrosis (N00-N07,N17-N19,N25-N27)",Kidney disease,Utah,384,15.4
2017,"Nephritis, nephrotic syndrome and nephrosis (N00-N07,N17-N19,N25-N27)",Kidney disease,Vermont,29,3.3
2017,"Nephritis, nephrotic syndrome and nephrosis (N00-N07,N17-N19,N25-N27)",Kidney disease,Virginia,1618,16.9
2017,"Nephritis, nephrotic syndrome and nephrosis (N00-N07,N17-N19,N25-N27)",Kidney disease,Washington,439,5.3
2017,"Nephritis, nephrotic syndrome and nephrosis (N00-N07,N17-N19,N25-N27)",Kidney disease,West Virginia,436,17.1
2017,"Nephritis, nephrotic syndrome and nephrosis (N00-N07,N17-N19,N25-N27)",Kidney disease,Wisconsin,922,12.5
2017,"Nephritis, nephrotic syndrome and nephrosis (N00-N07,N17-N19,N25-N27)",Kidney disease,Wyom